owner_link,owner,views,followers,average_rating,google_maps_locatoin_link,long,lat
0,https://opensooq.com/en/mid/member-5443819,مكتب العال و الروضه العقاري , 400K,59 ,2.8,,,
1,https://opensooq.com/en/mid/member-1534066827100,الكسواني للاسكان , 830.2K,261 ,3.8,,,
2,https://opensooq.com/en/mid/member-145796546167,شركه رائد العساف وشريكه , 184.6K,27 ,4.5,,,
3,https://opensooq.com/en/mid/member-163196666279,بلال نجم , 5.9K,0 ,0,,,
4,https://opensooq.com/en/shops/everett-housing-32795456,Everett Housing, 4.4M,865 ,3.7,,,
5,https://opensooq.com/en/mid/member-150566142021,شركة شامية للاسكانShamiah Real Estate’ , 426K,74 ,4,,,
6,https://opensooq.com/en/mid/M.Soudi_RealState,M.Soudi RealState, 307.2K,26 ,4.1,,,
7,https://opensooq.com/en/mid/fesal-11,شركه قاسيون للاسكان , 316.4K,47 ,4.2,,,
8,https://opensooq.com/en/shops/شركة-غلوبال-العقارية-12618750,شركة غلوبال العقارية, 7.4M,914 ,3.5,,,
9,https://opensooq.com/en/mid/member-145252952585,mohammed , 16.2K,0 ,2.3,,,
10,https://opensooq.com/en/shops/شركة-قونية-للتطوير-و-إدارة-العقارات-16658493,شركة قونية للتطوير و إدارة العقارات, 16.2M,4.1K ,3.4,,,
11,https://opensooq.com/en/mid/member-1706685170.8318677,osama h ahmad , 7.2K,3 ,0,,,
12,https://opensooq.com/en/mid/member-166733210113,Abdullah Okour, 20K,0 ,4,,,
13,https://opensooq.com/en/mid/tabishat,محمد , 39.7K,0 ,0,,,
14,https://opensooq.com/en/mid/member-162348835618,Hamzah Abu Saif, 19.7K,2 ,5,,,
15,https://opensooq.com/en/mid/member-16153000014,member16153000014 , 22K,4 ,0,,,
16,https://opensooq.com/en/shops/mansour-housing-company-1778332,Mansour Housing Company, 4.1M,1.3K ,3.7,,,
17,https://opensooq.com/en/mid/member-146664211835,لوريت للمباني الحديثة ابو ادم القرعان, 799.8K,397 ,4.2,,,
18,https://opensooq.com/en/mid/member-6643353,ragheb totanjy , 309.3K,29 ,3.6,,,
19,https://opensooq.com/en/mid/member-15610175043,عقار بورت , 897.8K,111 ,3.5,,,
20,https://opensooq.com/en/mid/issakhader,عيسى ابو العظام abu al-itham, 94.7K,0 ,5,,,
21,https://opensooq.com/en/mid/member-153226934754,حكمت الدلابيح للعقارات, 10.2K,9 ,5,,,
22,https://opensooq.com/en/mid/member-103914599023900540911,Apple iPhone, 332.5K,21 ,2.3,,,
23,https://opensooq.com/en/mid/member-148094287816,Eng Sadam Alquraan , 149.8K,0 ,4.3,,,
24,https://opensooq.com/en/mid/member-10154141939661396,Firas , 106.6K,0 ,0,,,
25,https://opensooq.com/en/mid/member-871557306260549,الاستثمار العقاري في الأردن , 1.6M,1.5K ,3.8,,,
26,https://opensooq.com/en/mid/member-159542207246,شركة الشرقاوي , 171.3K,31 ,4.7,,,
27,https://opensooq.com/en/mid/member-114691729698227954349,eng omar odeh, 219.7K,120 ,4.9,,,
28,https://opensooq.com/en/mid/member-1716894828.6084662,مصطفى سعيد أبو همام , 869,0 ,0,,,
29,https://opensooq.com/en/mid/member-144720648249,شركة النرويج للاسكان شركة النرويج للاسكان, 44.5K,12 ,2.3,,,
30,https://opensooq.com/en/mid/member-4236169,a1234 , 126.2K,10 ,3.5,,,
31,https://opensooq.com/en/mid/member-149207275892,مؤسسة  الترك العقاريه ., 1.4M,268 ,3.7,,,
32,https://opensooq.com/en/mid/Noura12345678,Narmeen , 407.1K,58 ,4.1,,,
33,https://opensooq.com/en/mid/member-112509077535623697062,مكتب تل الرمان العقاري , 435.4K,48 ,4.2,,,
34,https://opensooq.com/en/mid/member-162315083049,Anas Nusair, 136.3K,25 ,4.3,,,
35,https://opensooq.com/en/mid/member-117369887719541544131,Saf Haws, 410.4K,36 ,4.6,,,
36,https://opensooq.com/en/mid/member-6847193,حسن بدران , 10.5K,4 ,0,,,
37,https://opensooq.com/en/shops/الثقه-العقاريه-151385,الثقه العقاريه, 339.6K,44 ,3.8,,,
38,https://opensooq.com/en/mid/member-151792657522,Hakam Abandah, 269.2K,17 ,3.6,,,
39,https://opensooq.com/en/mid/member-147256342266,Ali Omar Haimour , 35.7K,5 ,3,,,
40,https://opensooq.com/en/mid/member-146599888524,colonail , 45.8K,3 ,0,,,
41,https://opensooq.com/en/mid/member-16307109224,summer , 2.1K,0 ,0,,,
42,https://opensooq.com/en/mid/member-2708920,Mazen Queisi, 106.4K,0 ,4.5,,,
43,https://opensooq.com/en/mid/member-168250007452,الميرا للإستثمارات العقارية ., 16.5K,2 ,0,,,
44,https://opensooq.com/en/mid/member-154782084636,Abdalluh , 178.8K,13 ,3.8,,,
45,https://opensooq.com/en/mid/brotherman,شركة الصالح للإسكان , 255.5K,25 ,2.5,,,
46,https://opensooq.com/en/mid/member-10155663906827161,Arch Issa, 184.4K,81 ,3.7,,,
47,https://opensooq.com/en/mid/member-148678696567,عبدالله , 177.5K,24 ,3.9,,,
48,https://opensooq.com/en/mid/member-280524,العقار الاول للاسكان , 652.1K,296 ,4.2,,,
49,https://opensooq.com/en/shops/شركة-جمال-ياغي-و-اولاده-للاسكان-3058377,شركة جمال ياغي و اولاده للاسكان, 337.1K,59 ,4,,,
50,https://opensooq.com/en/mid/member-150402262720,شركة الديري للإسكان , 157.8K,20 ,4.1,,,
51,https://opensooq.com/en/mid/member-1958985414344687,الجمزاوي للاسكان, 820.2K,173 ,3.7,,,
52,https://opensooq.com/en/mid/member-150031190723,محمد فراش , 88.2K,15 ,5,,,
53,https://opensooq.com/en/mid/member-1714302739.3368455,تامر احمد إسماعيل محمد , 12.9K,0 ,0,,,
54,https://opensooq.com/en/mid/member-5801039,ابو حازم , 13K,0 ,0,,,
55,https://opensooq.com/en/shops/شركة-السلالم-للابنية-والاسكان-16907491,شركة السلالم للابنية والاسكان, 1.9M,290 ,3.9,,,
56,https://opensooq.com/en/shops/المجرة-العقارية-4050743,المجرة العقارية, 2.5M,285 ,4,,,
57,https://opensooq.com/en/mid/member-160098986038,الفهد , 37.2K,9 ,3.5,,,
58,https://opensooq.com/en/mid/member-150927080997,بوابه جنوب المطار للإستثمارات العقارية , 2M,674 ,3.9,,,
59,https://opensooq.com/en/mid/member-114873315646273938445,Majed Alouri, 36.4K,2 ,3.7,,,
60,https://opensooq.com/en/mid/member-146899867292,معرض ابو سماحه , 2.5M,2.5K ,3.6,,,
61,https://opensooq.com/en/mid/member-107509567807287317148,Mohammad Shakhatreh, 21.1K,0 ,5,,,
62,https://opensooq.com/en/mid/member-164616172917,member164616172917 , 63.6K,5 ,3,,,
63,https://opensooq.com/en/mid/attalgroup,ROYAL REAL ESTATE , 1.1M,236 ,4,,,
64,https://opensooq.com/en/mid/member-151998484268,عبدالرحمن , 272.1K,91 ,4,,,
65,https://opensooq.com/en/mid/member-145916376519,ابو الوليد , 79.8K,7 ,5,,,
66,https://opensooq.com/en/shops/شركة-الضحى-للاسكان-6552271,شركة الضحى للاسكان , 66.7K,15 ,4.5,,,
67,https://opensooq.com/en/mid/member-150089871390,حسام احمد , 106K,8 ,5,,,
68,https://opensooq.com/en/shops/ابو-عبد-الرحمن-alzboon-797972,ابو عبد الرحمن Alzboon, 46.6K,150 ,4.3,,,
69,https://opensooq.com/en/shops/ناصر-الجمزاوي-15857659,ناصر الجمزاوي, 533.2K,83 ,3.5,,,
70,https://opensooq.com/en/mid/member-1699454742.3724341,sarah , 8.4K,0 ,0,,,
71,https://opensooq.com/en/mid/member-144969376097,احمد صوالحه , 1.2M,155 ,4.5,,,
72,https://opensooq.com/en/mid/member-1038619142903948,Ahmed Abdulfattah, 158K,19 ,3.6,,,
73,https://opensooq.com/en/mid/issam72,عصام الريان, 66.5K,52 ,0,,,
74,https://opensooq.com/en/mid/AlDaoudRealestate,شركة الداوود للعقارات , 3.6M,713 ,3.2,,,
75,https://opensooq.com/en/mid/TopJordan,شركة قمة الاردن العقارية top Jordan realestate, 6.4M,1K ,3.7,,,
76,https://opensooq.com/en/shops/blue-olives-64544453,Blue Olives , 459.5K,36 ,2.8,,,
77,https://opensooq.com/en/mid/omaralshaker,Omar Abu Baker, 10.2M,636 ,4,,,
78,https://opensooq.com/en/mid/member-6875801,شركة فتحي صقر للاسكان , 15.7K,0 ,1,,,
79,https://opensooq.com/en/mid/member-101178643046117125759,Zeid Jbareh, 31.3K,2 ,5,,,
80,https://opensooq.com/en/mid/member-16259990461,member16259990461 , 17K,0 ,5,,,
81,https://opensooq.com/en/mid/member-146329406954,شركة رامي ابو عين للتطوير العقاري , 1.8M,303 ,3.3,,,
82,https://opensooq.com/en/mid/member-112677851550234784167,شركة اللمسة الانيقة للاسكان ., 101.4K,12 ,4,,,
83,https://opensooq.com/en/mid/member-110564190805097692062,شركة ميكال للشقق السكنية ., 480.7K,423 ,4.3,,,
84,https://opensooq.com/en/mid/Mutazmusa9,شركة جلال موسى للاسكان للاسكان, 1.4M,276 ,3.5,,,
85,https://opensooq.com/en/mid/member-147507942332,Mahmmmod saleem , 11K,0 ,2,,,
86,https://opensooq.com/en/mid/member-241497319626239,محمد الشواربة, 76.1K,3 ,0,,,
87,https://opensooq.com/en/mid/salem_2,مكتب سالم المعايعه العقاري , 2M,616 ,4,,,
88,https://opensooq.com/en/mid/golf20gti,صلاه النبي , 131.4K,20 ,4.7,,,
89,https://opensooq.com/en/mid/member-145998995747,كريم للعقارات جميع انحاء المملكة , 1.9M,159 ,3.4,,,
90,https://opensooq.com/en/mid/member-6628571,سامي , 172.4K,8 ,4.4,,,
91,https://opensooq.com/en/mid/Omar_Abdullah,Omar Abdullah, 171.6K,3 ,2,,,
92,https://opensooq.com/en/mid/member-113346535742561395709,اسكان عمار رمان , 334.4K,30 ,3.7,,,
93,https://opensooq.com/en/mid/member-147793011774,شركه سكجها للإسكان , 145.2K,0 ,3.9,,,
94,https://opensooq.com/en/mid/member-444782415874702,حجر الأساس, 539.6K,58 ,3.6,,,
95,https://opensooq.com/en/mid/member-16253918623,yousef , 30.8K,3 ,5,,,
96,https://opensooq.com/en/shops/شركة-ميزون-لتطوير-العقارات-و-الإسكان-16184543,شركة ميزون لتطوير العقارات و الإسكان, 9.3M,2K ,3.2,,,
97,https://opensooq.com/en/mid/member-147255803450,علي داربكر , 46.1K,0 ,3.5,,,
98,https://opensooq.com/en/mid/member-3488687,محمد الشايب, 578.9K,71 ,3.8,,,
99,https://opensooq.com/en/mid/member-145573877789,طالب العزب ., 4.1M,578 ,3.7,,,
100,https://opensooq.com/en/mid/member-157132335061,Mousa Abu Doush , 124.7K,5 ,5,,,
101,https://opensooq.com/en/mid/member-145866776790,م.أشرف , 152.9K,25 ,4.5,,,
102,https://opensooq.com/en/shops/معتز-بني-مصطفى-6726307,معتز بني مصطفى, 1.2M,143 ,3.5,,,
103,https://opensooq.com/en/shops/مروان-الركيبات-للإسكان-marwan-alrkebat-68799142,مروان الركيبات للإسكان Marwan Alrkebat , 169.4K,0 ,3,,,
104,https://opensooq.com/en/mid/member-164353510144,AJ , 85K,6 ,5,,,
105,https://opensooq.com/en/mid/member-10863425,Rida Hammad, 473K,210 ,3.3,,,
106,https://opensooq.com/en/mid/member-148845336651,البنك الاردني الكويتي, 178.7K,249 ,2.4,,,
107,https://opensooq.com/en/shops/شركة-ابو-ليلى-للاسكان-و-التطوير-العقاري-16184695,شركة ابو ليلى للاسكان و التطوير العقاري, 7.3M,1.2K ,3.2,,,
108,https://opensooq.com/en/mid/member-148796778098,عبدالرحمن , 73.2K,11 ,4.8,,,
109,https://opensooq.com/en/shops/taj-real-estate-20270252,TAJ Real Estate , 3.5M,184 ,2.9,,,
110,https://opensooq.com/en/mid/member-145199280797,abi nbt, 35.9K,0 ,0,,,
111,https://opensooq.com/en/mid/member-1715705495.8847952,Tariq , 674,0 ,0,,,
112,https://opensooq.com/en/mid/member-100000547123305,Alaa Aldin Alquraan, 461.4K,594 ,4.3,,,
113,https://opensooq.com/en/mid/عبد_الله_بنات,,,,,,,
114,https://opensooq.com/en/shops/ابو-عابد-8930619,ابو عابد , 1.5M,109 ,3.6,,,
115,https://opensooq.com/en/shops/مكتب-البنيات-العقاري-13777461, مكتب البنيات العقاري, 857.7K,239 ,3.3,,,
116,https://opensooq.com/en/mid/member-165285318096,حضانة للبيع , 852,0 ,0,,,
117,https://opensooq.com/en/mid/member-115598597425581123536,Ramiz Bahu, 30.2K,3 ,0,,,
118,https://opensooq.com/en/mid/member-160226411890,ابو عمر , 1.9K,0 ,0,,,
119,https://opensooq.com/en/mid/member-148940738384,abo kareem , 203.2K,22 ,1,,,
120,https://opensooq.com/en/mid/member-1713369229.211863,عبدالرحمن حسن , 118,0 ,0,,,
121,https://opensooq.com/en/mid/member-749121418752472,باسم خصاونه 01 خصاونة, 987.4K,704 ,3.7,,,
122,https://opensooq.com/en/mid/member-2898857,Mahmoud ., 264.2K,0 ,4.5,,,
123,https://opensooq.com/en/mid/member-105741799874291903777,Ksjvck Vskvck, 17K,0 ,0,,,
124,https://opensooq.com/en/mid/ليث_القضاة_000,,,,,,,
125,https://opensooq.com/en/mid/member-7496277,أحمد ابو عواد, 204.3K,14 ,3.7,,,
126,https://opensooq.com/en/mid/member-163699071733,شركة شفا الاردن للمشاريع الاسكانيه ., 159.7K,22 ,4,,,
127,https://opensooq.com/en/mid/member-166059664877,عمر ركيبات للأسكانات , 2.9K,2 ,5,,,
128,https://opensooq.com/en/mid/member-4424899,ammar ammar, 819.2K,69 ,2.9,,,
129,https://opensooq.com/en/mid/member-158037437286,BLUE OLIVE REAL ESTATE AMMAN 2 , 956.6K,127 ,3.2,,,
130,https://opensooq.com/en/shops/شركة-راشين-للاسكان-142775,شركة راشين للاسكان , 2.6M,189 ,4,,,
131,https://opensooq.com/en/mid/عمر_سامي,,,,,,,
132,https://opensooq.com/en/mid/zaddco,Hani Moucattash, 74.9K,3 ,4,,,
133,https://opensooq.com/en/shops/alghidian-الغديان-العقارية-8969037,AlGhidian الغديان العقارية, 572.8K,81 ,3.1,,,
134,https://opensooq.com/en/shops/محمود-الحياري-7797555,محمود الحياري, 2.5M,193 ,3.8,,,
135,https://opensooq.com/en/mid/ahmed109,al-hijjawi real estate , 856.5K,94 ,3.2,,,
136,https://opensooq.com/en/mid/newcars,A , 45.3K,0 ,5,,,
137,https://opensooq.com/en/mid/member-147072994127,قصي , 71.5K,5 ,5,,,
138,https://opensooq.com/en/mid/member-159731789772,طابو العقارية , 218.5K,50 ,3.6,,,
139,https://opensooq.com/en/mid/member-147034741382,Adnan Allouzy , 36K,7 ,0,,,
140,https://opensooq.com/en/mid/member-162247106985,Gold way real estate ., 4.2M,279 ,3.4,,,
141,https://opensooq.com/en/mid/member-1529978407320869,Tawalbeh Moh, 19K,0 ,5,,,
142,https://opensooq.com/en/mid/member-146870250999,محمد , 27.1K,4 ,5,,,
143,https://opensooq.com/en/shops/abdullah-alwamleh-5530849,Abdullah Alwamleh, 703.1K,34 ,2.8,,,
144,https://opensooq.com/en/mid/member-149362943566,شركة نور علي للاسكان , 357.6K,45 ,3.6,,,
145,https://opensooq.com/en/mid/member-10209965418638724,Mohammad Abdallat, 75.8K,2 ,2.7,,,
146,https://opensooq.com/en/shops/شركة-ايمن-سلام-للإسكان-16622275,شركة ايمن سلام للإسكان, 547K,184 ,3.8,,,
147,https://opensooq.com/en/shops/شركه-العدوي-للتطوير-العقاري-18575757,شركه العدوي للتطوير العقاري, 2.7M,233 ,3.1,,,
148,https://opensooq.com/en/mid/member-150202555982,قصي , 1.9K,0 ,0,,,
149,https://opensooq.com/en/mid/member-110897920542398556581,Michael Shomali, 9.2K,0 ,5,,,
150,https://opensooq.com/en/mid/member-165588897436,عبدالكريم شهوان , 4.9K,2 ,0,,,
151,https://opensooq.com/en/mid/member-144707283284,عباد الرحمن , 143.7K,28 ,4,,,
152,https://opensooq.com/en/mid/alaa.aburshyed,alaa abu rshyed, 1K,1 ,0,,,
153,https://opensooq.com/en/mid/member-100867134010734108379,hammood hammood hammood, 9.3K,1 ,0,,,
154,https://opensooq.com/en/mid/member-6872911,حسام اللوزي, 153K,0 ,3.9,,,
155,https://opensooq.com/en/mid/member-10155030077132890,Farouk , 12.1K,0 ,0,,,
156,https://opensooq.com/en/mid/member-146530234159,ابراهيم , 117.2K,9 ,4.2,,,
157,https://opensooq.com/en/mid/member-1715586021.9959389,محمد مسعود , 2.5K,0 ,0,,,
158,https://opensooq.com/en/mid/member-147341204551,هيثم السليم , 138.3K,13 ,5,,,
159,https://opensooq.com/en/mid/member-165315687970,ابو ايهم مقدادي , 35.5K,5 ,4.8,,,
160,https://opensooq.com/en/mid/member-164536855851,مهندس خالد الزعبي, 61.4K,6 ,5,,,
161,https://opensooq.com/en/mid/member-109365550814658890819,حسن الاحمد, 89K,12 ,4.7,,,
162,https://opensooq.com/en/mid/member-591675774,Sam Dababneh , 177.2K,15 ,5,,,
163,https://opensooq.com/en/mid/mamon.alnajjar,جوهرة الأيمان , 473.8K,593 ,3.1,,,
164,https://opensooq.com/en/mid/member-4989551,شركة دار الارقم للإسكان , 280.3K,56 ,3,,,
165,https://opensooq.com/en/mid/member-147665108933,مكتب طريق المطار , 9.1M,785 ,3.8,,,
166,https://opensooq.com/en/mid/member-5327937,awni qiqieh , 6.5K,0 ,0,,,
167,https://opensooq.com/en/mid/member-110992250144503292277,bassam ziyad, 54.1K,8 ,2.3,,,
168,https://opensooq.com/en/shops/مؤسسة-التقى-التجارية-60599565,مؤسسة التقى التجارية , 741.1K,69 ,2.9,,,
169,https://opensooq.com/en/shops/مجموعة-الأمعري-36215613,مجموعة الأمعري , 667.3K,199 ,3.4,,,
170,https://opensooq.com/en/mid/member-1693557716.7709667,ابو اشرف , 12.7K,0 ,3.5,,,
171,https://opensooq.com/en/mid/member-1717673454.6874657,A K , 1.4K,0 ,0,,,
172,https://opensooq.com/en/mid/Abu_Ghanem,شركة محمد غانم للإسكان , 309.5K,79 ,3.6,,,
173,https://opensooq.com/en/mid/member-5443053,شركة التفاضل للاسكان , 412.3K,58 ,3.8,,,
174,https://opensooq.com/en/mid/blueolive,Blue Olive / بلو اوليف الزيتونة الزرقاء , 4.5M,0 ,3.3,,,
175,https://opensooq.com/en/mid/member-152614650293,شركة درويش والطوس للإسكان, 261.7K,51 ,3.3,,,
176,https://opensooq.com/en/mid/member-148933591093,souf alaqari, 33.2K,0 ,4.3,,,
177,https://opensooq.com/en/mid/امجدكو88,,,,,,,
178,https://opensooq.com/en/mid/member-14761993478,dima , 48.3K,50 ,3,,,
179,https://opensooq.com/en/mid/member-157841059459,عبد الكريم العفيف, 2.3M,265 ,3.5,,,
180,https://opensooq.com/en/mid/member-16167706029,RS. Real Estate , 8.1K,4 ,0,,,
181,https://opensooq.com/en/mid/member-106889006180062066400,Ibrahem ALkahlout , 20.1K,3 ,5,,,
182,https://opensooq.com/en/mid/member-100001372597290,member-1717619712.2555958 , 65K,47 ,0,,,
183,https://opensooq.com/en/mid/member-149036991820,محمد غزاله , 393.9K,14 ,4,,,
184,https://opensooq.com/en/mid/member-153917783758,نعيم , 31.2K,0 ,0,,,
185,https://opensooq.com/en/mid/member-164664814012,Mohammad Shahin , 121.1K,11 ,4.3,,,
186,https://opensooq.com/en/mid/goldenlands,عامر المشيني, 967.2K,277 ,4.1,,,
187,https://opensooq.com/en/mid/member-917435265010083,أرض الأردن للتطوير العقاري, 865.5K,102 ,3.9,,,
188,https://opensooq.com/en/shops/مكتب-العقاري-ثائر-المعالي-2129732,مكتب العقاري ثائر المعالي , 3M,462 ,3.1,,,
189,https://opensooq.com/en/mid/member-1696009173963823,Mohammad Sameer, 243.3K,29 ,3.7,,,
190,https://opensooq.com/en/mid/member-147077265826,أبو خالد , 8.7K,3 ,0,,,
191,https://opensooq.com/en/mid/OMARATEAH,فراس خلف , 9.4M,1K ,3.6,,,
192,https://opensooq.com/en/mid/member-147418498175,البستان لادارة وتطوير العقارات , 1.4M,405 ,3.5,,,
193,https://opensooq.com/en/mid/member-145991433583,yousef al okar, 75.8K,10 ,5,,,
194,https://opensooq.com/en/mid/member-168881605538,Raed , 44.9K,6 ,0,,,
195,https://opensooq.com/en/mid/member-1716484169.8221431,Fzak , 4.1K,0 ,0,,,
196,https://opensooq.com/en/mid/member-1715075959.7003362,رولا عدنان محمدخير جبري , 1.6K,0 ,0,,,
197,https://opensooq.com/en/mid/Omar.i,Omar , 108.6K,0 ,3.7,,,
198,https://opensooq.com/en/shops/شركة-محمد-عدنان-العقارية-826016, شركة محمد عدنان العقارية, 8.2M,682 ,3.2,,,
199,https://opensooq.com/en/mid/member-147567760855,صلاح المسلم بني صخر, 118.1K,30 ,3.5,,,
200,https://opensooq.com/en/mid/member-163161981944,زياد , 29.6K,2 ,4.5,,,
201,https://opensooq.com/en/mid/member-1717781672.8916611,S F , 1.8K,0 ,0,,,
202,https://opensooq.com/en/mid/member-101811284401135983897,محمود قاسم , 82.3K,26 ,5,,,
203,https://opensooq.com/en/mid/hamzaamman,Hamza , 1M,52 ,3.5,,,
204,https://opensooq.com/en/mid/member-152036024733,انور موسى محمد أبو الحاج , 69.4K,32 ,0,,,
205,https://opensooq.com/en/mid/member-148058976647,الأولى العقاريه الأولى العقاريه, 4.6M,385 ,3.3,,,
206,https://opensooq.com/en/mid/AhmadMayyaleh,Bila Chalets and lands , 81K,10 ,4.3,,,
207,https://opensooq.com/en/mid/member-161519281072,jehad hattab, 18K,4 ,2,,,
208,https://opensooq.com/en/mid/basics_int,h sh, 105.1K,7 ,5,,,
209,https://opensooq.com/en/shops/betterhomes-21924049,Betterhomes, 11.6M,784 ,3.1,,,
210,https://opensooq.com/en/mid/member-150134548819,المهندس طلال, 194.2K,9 ,0,,,
211,https://opensooq.com/en/mid/member-5540633,محمد سعد, 497K,68 ,4.2,,,
212,https://opensooq.com/en/mid/member-1800506219961126,Yousef Albashiti, 80.8K,4 ,4,,,
213,https://opensooq.com/en/mid/member-151836827225,محمد خالد, 662K,159 ,4.1,,,
214,https://opensooq.com/en/mid/member-5660539,شادي العساف , 1M,245 ,4,,,
215,https://opensooq.com/en/mid/member-149920476210,سامي محمد , 50.6K,5 ,5,,,
216,https://opensooq.com/en/mid/member-146591928423,ابو مجد , 268.3K,0 ,3.5,,,
217,https://opensooq.com/en/shops/apparmentsjo-5769413,Apparmentsjo, 117.1K,14 ,5,,,
218,https://opensooq.com/en/mid/member-165510462921,rasha , 10.3K,1 ,5,,,
219,https://opensooq.com/en/mid/member-164520459868,Abo Hossian , 89.3K,4 ,0,,,
220,https://opensooq.com/en/mid/nourjad88,nour aldeen jar, 109.9K,138 ,3.7,,,
221,https://opensooq.com/en/shops/أبراج-العقارية-abraj-properties-16459551,أبراج العقارية - Abraj Properties , 906.7K,104 ,2.8,,,
222,https://opensooq.com/en/mid/omarsamara,شركة عمر وعماد لافي للاسكان , 350.8K,64 ,3.6,,,
223,https://opensooq.com/en/mid/member-167221478381,WA , 37.7K,0 ,4,,,
224,https://opensooq.com/en/mid/member-103485097253091800090,DEL MAR, 641.6K,41 ,4.2,,,
225,https://opensooq.com/en/mid/Mutasemssh,Mutasem sh , 400.2K,55 ,3.6,,,
226,https://opensooq.com/en/mid/member-145138928614,Hamza , 21.7K,0 ,0,,,
227,https://opensooq.com/en/shops/مشعل-الجبر-15445739,مشعل الجبر , 1.2M,186 ,3.4,,,
228,https://opensooq.com/en/mid/member-1626331948100,member1626331948100 , 1.7K,0 ,0,,,
229,https://opensooq.com/en/mid/member-1659357135.235962,mohammaed walid , 240.1K,57 ,4.6,,,
230,https://opensooq.com/en/mid/member-163245004495,mustafa louzi, 2.8K,0 ,0,,,
231,https://opensooq.com/en/mid/member-150998466538,Adam Bsisou آدم بسيسو, 441K,43 ,4.3,,,
232,https://opensooq.com/en/mid/6a8cb6ed,khaldoon bakeer, 296.2K,28 ,3.9,,,
233,https://opensooq.com/en/mid/member-109563766464832900465,تيراس العقاريه, 95.6K,15 ,3.7,,,
234,https://opensooq.com/en/mid/member-7021045,Razi Tarawneh , 12.8K,2 ,1,,,
235,https://opensooq.com/en/mid/member-100003256610220,عماد عبد الكريم الشواربة, 120.4K,321 ,3,,,
236,https://opensooq.com/en/shops/sky-real-estate-6338613,Sky Real Estate , 1.3M,100 ,3.4,,,
237,https://opensooq.com/en/shops/ابو-العبد-10021119,ابو العبد , 1.2M,89 ,3.1,,,
238,https://opensooq.com/en/mid/member-111076426424336639065,Mohammed Alqatham, 28.3K,107 ,0,,,
239,https://opensooq.com/en/mid/member-167668873064,عبدالحكيم قاسم , 4.1K,0 ,0,,,
240,https://opensooq.com/en/mid/member-148083975510,بشار , 34.7K,4 ,0,,,
241,https://opensooq.com/en/mid/AbedQundil,Abed Qundil, 1.6K,0 ,0,,,
242,https://opensooq.com/en/mid/member-1696011566.4058816,Ali , 802,0 ,0,,,
243,https://opensooq.com/en/mid/member-4830491,محمود عمرو , 117.7K,17 ,3.7,,,
244,https://opensooq.com/en/mid/zakaria1990,Mohammed Hassan Salim zakaria, 378.2K,74 ,4.1,,,
245,https://opensooq.com/en/mid/member-167700294819,osama alsalhi , 36.1K,2 ,5,,,
246,https://opensooq.com/en/mid/member-1709387578.817616,mahammed , 6.4K,2 ,4.5,,,
247,https://opensooq.com/en/mid/member-16161555896,م. أسامة جمال, 32.5K,6 ,0,,,
248,https://opensooq.com/en/mid/member-145309716814,بوابه جنوب المطار للإستثمارات العقارية , 717K,720 ,3.4,,,
249,https://opensooq.com/en/shops/مكتب-ابو-محمود-للوساطه-العقاريه-1627730, مكتب ابو محمود للوساطه العقاريه, 5.2M,886 ,3.3,,,
250,https://opensooq.com/en/mid/member-911329794,شركة الاتصال العمراني للاسكان , 472.2K,53 ,4,,,
251,https://opensooq.com/en/mid/member-165807413557,امجد ابو السمن , 96K,4 ,2,,,
252,https://opensooq.com/en/mid/member-145991781439,ابومحمد , 299.5K,21 ,3.9,,,
253,https://opensooq.com/en/mid/member-149314667158,صلو على الحبيب , 144.4K,14 ,3.8,,,
254,https://opensooq.com/en/mid/member-150631957050,م . خالد سكريه للهندسه المساحيه , 460.7K,66 ,4.4,,,
255,https://opensooq.com/en/mid/member-149820282738,Khamis , 773.1K,48 ,3.3,,,
256,https://opensooq.com/en/mid/member-1695310852.019710,Mohammad El Hilu , 36.9K,0 ,0,,,
257,https://opensooq.com/en/mid/member-166506226830,, 25.5K,5 ,5,,,
258,https://opensooq.com/en/mid/suhail57,سهيل , 41.5K,0 ,5,,,
259,https://opensooq.com/en/mid/member-153415019176,شركة البكري للاسكان , 445.6K,0 ,3.4,,,
260,https://opensooq.com/en/mid/member-0010600159577,Ayman Albraikat, 115.8K,12 ,4.4,,,
261,https://opensooq.com/en/mid/member-162086687693,شوق للتستشارات العقاريه , 24.8K,5 ,0,,,
262,https://opensooq.com/en/mid/j1950,ابراهيم الفايز, 51.2K,5 ,1,,,
263,https://opensooq.com/en/shops/نائل-13650931,نائل , 299.3K,28 ,3.3,,,
264,https://opensooq.com/en/mid/member-116093235758896019246,حبيب الكيلاني, 8.9K,1 ,0,,,
265,https://opensooq.com/en/mid/member-150279616149,Mutaz Almanaseer , 494.5K,55 ,4.2,,,
266,https://opensooq.com/en/mid/Ahmad_Fadel_Alqenneh,Ahmad Alqenneh, 56.9K,3 ,0,,,
267,https://opensooq.com/en/shops/مكتب-المغاريب-للخدمات-العقارية-15153149,مكتب المغاريب للخدمات العقارية , 2.5M,418 ,3.8,,,
268,https://opensooq.com/en/mid/member-117528230002333,مجموعة شركات عبدو حاجي للتطوير العقاري, 521.4K,64 ,3.8,,,
269,https://opensooq.com/en/mid/member-110063707969448087778,Ahmad Abu Obaid, 10.8K,0 ,0,,,
270,https://opensooq.com/en/mid/member-112247814845421053589,MURAD altarefe , 147.2K,0 ,4.8,,,
271,https://opensooq.com/en/shops/falcon-real-estate-development-67593558,Falcon Real Estate development , 336K,24 ,3.1,,,
272,https://opensooq.com/en/mid/member-162998078118,Ahmad Alkhawaja , 7.3K,1 ,5,,,
273,https://opensooq.com/en/mid/member-149383974134,bader , 6.7K,0 ,0,,,
274,https://opensooq.com/en/mid/member-107443095509050036144,ابو اسامة الاحمد, 659.9K,36 ,4.4,,,
275,https://opensooq.com/en/mid/member-161678558892,أبو عبد الله , 7K,0 ,0,,,
276,https://opensooq.com/en/mid/mohamad_anani,المهندس خالد الوسام , 46.1K,8 ,4,,,
277,https://opensooq.com/en/mid/member-1717623166.5516156,88 Real Estate , 2.5K,0 ,0,,,
278,https://opensooq.com/en/mid/member-14524987581,ابو قُصي , 158.3K,23 ,4.5,,,
279,https://opensooq.com/en/mid/member-1712810383.3835588,malik , 2.6K,0 ,5,,,
280,https://opensooq.com/en/mid/tecnoo,Ahmad B, 221K,55 ,5,,,
281,https://opensooq.com/en/mid/member-164461401424,qusai , 11.3K,2 ,0,,,
282,https://opensooq.com/en/mid/Khalid789,Khalid , 27.3K,4 ,5,,,
283,https://opensooq.com/en/mid/hussien_moqbel,Hussien Abo Dahab, 1.4M,0 ,4,,,
284,https://opensooq.com/en/mid/member-100004477267121,مشاغل الحياه , 202.5K,0 ,4.1,,,
285,https://opensooq.com/en/mid/member-5722205,بلال لافي, 5K,1 ,0,,,
286,https://opensooq.com/en/shops/البوصله-العقاري-15389527,البوصله العقاري, 4.6M,680 ,3,,,
287,https://opensooq.com/en/mid/member-153319055129,احمد لافي , 57.8K,26 ,2.7,,,
288,https://opensooq.com/en/mid/member-144326208435,عبدالله , 69.1K,3 ,3.4,,,
289,https://opensooq.com/en/mid/esam98kanaan,esam kanaan, 1.6M,414 ,3.6,,,
290,https://opensooq.com/en/mid/احمدالغزاوي,,,,,,,
291,https://opensooq.com/en/mid/member-165191473718,M. B , 1.4K,0 ,0,,,
292,https://opensooq.com/en/mid/member-159600374387,ابو احمد , 21.8K,2 ,4,,,
293,https://opensooq.com/en/mid/member-165957579294,شركة عمايره للإسكان Amayreh housing, 31.5K,3 ,5,,,
294,https://opensooq.com/en/mid/member-107216323908641216038,خالد lllllll, 35.3K,19 ,0,,,
295,https://opensooq.com/en/mid/member-115403609620701472676,Mohammed Mubaidin, 33K,2 ,1,,,
296,https://opensooq.com/en/shops/شركة-سالي-للإسكان-40471545,شركة سالي للإسكان , 188.5K,26 ,5,,,
297,https://opensooq.com/en/shops/مكتب-الظهير-العقاري-62223659,مكتب الظهير العقاري, 51.3K,9 ,4.2,,,
298,https://opensooq.com/en/mid/member-147393296043,ابو غازي , 168K,36 ,4.4,,,
299,https://opensooq.com/en/mid/member-15141190610,ماجد الغويري, 146.7K,7 ,4.3,,,
300,https://opensooq.com/en/mid/member-165465903085,yousef kh , 18.7K,4 ,3,,,
301,https://opensooq.com/en/mid/member-145313264666,bader alassaf , 68K,11 ,0,,,
302,https://opensooq.com/en/mid/member-10208314694564303,Abdurrahman , 29.5K,6 ,0,,,
303,https://opensooq.com/en/mid/Mtaha00,فيلا السرو , 206.4K,0 ,3,,,
304,https://opensooq.com/en/mid/member-147275724751,سامي ابو عيش , 8.3K,0 ,5,,,
305,https://opensooq.com/en/mid/Raed.N.Bataineh,Raed N. Bataineh, 3K,0 ,0,,,
306,https://opensooq.com/en/mid/islamaljag,م.إسلام الجغبير, 239.9K,33 ,4.5,,,
307,https://opensooq.com/en/mid/member-116233244948062739701,محمد يوسف, 407.8K,68 ,3.4,,,
308,https://opensooq.com/en/mid/member-150938007110,ابو فارس ., 238.8K,20 ,3.5,,,
309,https://opensooq.com/en/mid/member-1822947271089361,Tariq Dalahmeh, 186K,676 ,5,,,
310,https://opensooq.com/en/mid/member-163655404697,Ali M Ali , 2.7K,0 ,0,,,
311,https://opensooq.com/en/mid/هشام_العروسه,,,,,,,
312,https://opensooq.com/en/shops/ziad-shihadeh-مكتب-الناصر-العقاري-193406,Ziad Shihadeh مكتب الناصر العقاري, 1.4M,152 ,3.7,,,
313,https://opensooq.com/en/mid/member-164786755552,osama kashmar , 4.1K,0 ,0,,,
314,https://opensooq.com/en/mid/member-488595444684947,MK Housing Co , 186.7K,227 ,3.6,,,
315,https://opensooq.com/en/mid/member-10207415912183177,Mahmoud Al Rahahleh, 1K,8 ,0,,,
316,https://opensooq.com/en/mid/member-160051156426,Abu Adam , 1.8K,0 ,0,,,
317,https://opensooq.com/en/mid/member-0013231527393,K. Y , 5.1K,0 ,5,,,
318,https://opensooq.com/en/mid/member-511598346,Abdelrahman Qawasmeh, 16.2K,45 ,0,,,
319,https://opensooq.com/en/mid/nezarrum,nezar , 15.1K,0 ,0,,,
320,https://opensooq.com/en/mid/member-1639910932925835,عادل محمد, 585.5K,152 ,3.6,,,
321,https://opensooq.com/en/mid/member-7545031,شركة ابراهيم ابو حشيش الاسكان , 28.4K,2 ,5,,,
322,https://opensooq.com/en/mid/member-6606065,tariq abu atyieh, 6.5K,0 ,0,,,
323,https://opensooq.com/en/mid/احمد_75,,,,,,,
324,https://opensooq.com/en/mid/member-165209590352,Abu obada , 17.1K,2 ,3,,,
325,https://opensooq.com/en/mid/member-157373703138,شركة كوارتز للإسكان , 535.9K,114 ,3.2,,,
326,https://opensooq.com/en/mid/omarjomaa,محمد عبد الكريم , 143.9K,18 ,4.2,,,
327,https://opensooq.com/en/mid/member-1075191262491622,Ammar Hindawi, 8.8K,47 ,0,,,
328,https://opensooq.com/en/mid/member-145770582711,محمد الشريف ., 84.4K,11 ,3.7,,,
329,https://opensooq.com/en/shops/plan-b-for-real-estate-20552494,Plan B for Real Estate, 1.6M,122 ,3.5,,,
330,https://opensooq.com/en/mid/member-1716122981.8761537,Mahmood AL-Turani , 3.7K,0 ,0,,,
331,https://opensooq.com/en/mid/member-100001782209255,Salh الدعجة, 21.4K,652 ,0,,,
332,https://opensooq.com/en/mid/member-1714280360.5753656,Mustafa , 3.6K,0 ,0,,,
333,https://opensooq.com/en/mid/member-4270839,ahmad hindi, 13.2K,125 ,0,,,
334,https://opensooq.com/en/shops/مؤسسة-الجوهرة-العقارية-69296600,مؤسسة الجوهرة العقارية , 333.7K,18 ,3.1,,,
335,https://opensooq.com/en/mid/member-4635825,عماد , 236K,25 ,5,,,
336,https://opensooq.com/en/mid/member-1716404350.7398924,فؤاد رابية , 914,0 ,4,,,
337,https://opensooq.com/en/shops/عمان-الجديدة-للعقارات-14040983,عمان الجديدة للعقارات , 924.8K,178 ,3.2,,,
338,https://opensooq.com/en/shops/مؤسسة-الخليلي-العقارية-27405545,مؤسسة الخليلي العقارية, 488.7K,0 ,3.5,,,
339,https://opensooq.com/en/shops/محمد-الرمحي-للاسكان-4670901,محمد الرمحي للاسكان, 176.1K,74 ,4,,,
340,https://opensooq.com/en/mid/member-149916873040,شركة بلال محمود ابو هنطش وشركاه bilal abu hantash company, 639.9K,151 ,3.5,,,
341,https://opensooq.com/en/mid/member-165461757521,amer , 656,0 ,0,,,
342,https://opensooq.com/en/mid/member-1718351083.4725219,Yazan , 1.6K,0 ,0,,,
343,https://opensooq.com/en/mid/member-105450931673294494567,Moath Bani Mustafa, 79.2K,6 ,4.6,,,
344,https://opensooq.com/en/mid/member-165754373713,الأولى لتجارة العقارات والأراضي , 8.6K,0 ,0,,,
345,https://opensooq.com/en/mid/member-168038288636,omar , 2.6K,0 ,0,,,
346,https://opensooq.com/en/mid/member-3782353,F J T, 162.5K,16 ,4.3,,,
347,https://opensooq.com/en/mid/member-1487731897993188,yousef abujafar , 7.2K,2 ,0,,,
348,https://opensooq.com/en/shops/مؤسسة-اعمار-التكنولوجية-العقارية-19167979,مؤسسة اعمار التكنولوجية العقارية , 2.4M,344 ,3.7,,,
349,https://opensooq.com/en/mid/member-144991465118,ابواسامة , 488.6K,32 ,4.1,,,
350,https://opensooq.com/en/mid/member-100597832950076949270,الدكتور محمد توفيق الردايده الردايده, 729.3K,93 ,3.1,,,
351,https://opensooq.com/en/shops/midian-realestate-company-2602612,Midian Realestate company, 21.5M,1.5K ,3,,,
352,https://opensooq.com/en/mid/بايلوت,,,,,,,
353,https://opensooq.com/en/mid/_الحشحوش,,,,,,,
354,https://opensooq.com/en/shops/العفيف-للأراضي-والعقارات-37626037,العفيف للأراضي والعقارات, 534.3K,164 ,3.9,,,
355,https://opensooq.com/en/mid/fsmadi1,Faris Al Smadi, 523.2K,368 ,4.1,,,
356,https://opensooq.com/en/mid/member-148907761737,مهند , 1M,0 ,3.8,,,
357,https://opensooq.com/en/shops/شركة-دبش-للاسكان-18379521,شركة دبش للاسكان, 54.1K,14 ,3,,,
358,https://opensooq.com/en/mid/member-145606129810,M.Harb , 7.7K,0 ,0,,,
359,https://opensooq.com/en/mid/member-152245767032,rashed , 16.7K,1 ,0,,,
360,https://opensooq.com/en/shops/شركة-علاء-ابو-شيخة-للإسكان-10983837,شركة علاء ابو شيخة للإسكان, 155K,0 ,5,,,
361,https://opensooq.com/en/mid/member-159048239025,محمد , 1.5K,0 ,0,,,
362,https://opensooq.com/en/mid/member-168111903598,Saif M , 27.8K,3 ,3,,,
363,https://opensooq.com/en/mid/member-160673721777,YARDS REAL ESTATE , 348.9K,22 ,3.8,,,
364,https://opensooq.com/en/mid/member-16745653330,محمد الدقاق , 1.5K,0 ,0,,,
365,https://opensooq.com/en/mid/Mohd2015,شركة طلال العشي و اولاده للاسكان , 471.9K,74 ,3.1,,,
366,https://opensooq.com/en/mid/member-146210519436,odai , 275.5K,23 ,4.3,,,
367,https://opensooq.com/en/mid/member-1529953917072892,Khaldoun Aldwikat, 164K,9 ,5,,,
368,https://opensooq.com/en/mid/member-160795035931,ايمن , 10.3K,0 ,1,,,
369,https://opensooq.com/en/mid/member-1182195168506417,Odai Almansi, 4.5K,0 ,0,,,
370,https://opensooq.com/en/mid/member-164767786818,نهله , 28.7K,2 ,0,,,
371,https://opensooq.com/en/mid/adelalkhaled,عادل بني مصطفى, 1.6M,513 ,4,,,
372,https://opensooq.com/en/mid/member-145375889645,ياسر ابوالهيجاء, 14K,2 ,5,,,
373,https://opensooq.com/en/mid/member-149155132145,Haitham Alkhateeb , 8.9K,45 ,0,,,
374,https://opensooq.com/en/mid/member-153778138135,ابو احمد naeemah.b, 254.3K,25 ,3.8,,,
375,https://opensooq.com/en/shops/top-land-2233218,top land , 1.3M,157 ,2.8,,,
376,https://opensooq.com/en/mid/member-152674060685,mhammad , 119.6K,17 ,4.5,,,
377,https://opensooq.com/en/mid/member-16541852129,محمد ابو لبن , 10K,0 ,0,,,
378,https://opensooq.com/en/mid/member-1717093612.6249812,123456New , 2.6K,0 ,0,,,
379,https://opensooq.com/en/mid/member-146964738229,شركة خالد مرار للاسكان , 175.7K,16 ,4.8,,,
380,https://opensooq.com/en/mid/alak_halil,as kh, 79.2K,17 ,0,,,
381,https://opensooq.com/en/mid/member-159310475711,mohammed , 130.5K,7 ,4.6,,,
382,https://opensooq.com/en/shops/شركة-الترتير-للعقارات-54647425,شركة الترتير للعقارات , 3M,220 ,3.4,,,
383,https://opensooq.com/en/mid/member-480144652157865,BH Hailat, 358.8K,105 ,3.9,,,
384,https://opensooq.com/en/shops/شركة-يقين-للاستثمارات-العقاريه-15659361,شركة يقين للاستثمارات العقاريه, 1.8M,233 ,3.5,,,
385,https://opensooq.com/en/mid/member-1699627053.0746870,hisham alquneibi , 2.8K,0 ,0,,,
386,https://opensooq.com/en/shops/الشافعي-للإسكان-والتطوير-العقاري-17752377,الشافعي للإسكان والتطوير العقاري , 416.7K,118 ,4.1,,,
387,https://opensooq.com/en/mid/member-1699974113.8522812,ramaalqannas , 71K,4 ,0,,,
388,https://opensooq.com/en/mid/member-164361687946,member164361687946 , 18.8K,4 ,5,,,
389,https://opensooq.com/en/mid/member-4288497,Abdalelah Onizat, 255.7K,39 ,4.7,,,
390,https://opensooq.com/en/shops/شركة-قصر-المشاهير-للاسكان-18438499,شركة قصر المشاهير للاسكان , 4.1M,285 ,3.8,,,
391,https://opensooq.com/en/mid/mohammad_abokhadra,mohamad abo khadra, 757.8K,163 ,5,,,
392,https://opensooq.com/en/mid/0772486861,,,,,,,
393,https://opensooq.com/en/mid/member-147628735110,Zaid Dardas , 18.2K,0 ,0,,,
394,https://opensooq.com/en/mid/majed_iso,majed alshanty, 48.3K,180 ,3,,,
395,https://opensooq.com/en/shops/بشار-محمد-3735755,بشار محمد, 4.1M,1K ,3.7,,,
396,https://opensooq.com/en/mid/member-1697566475.0277219,محمدصابراسعيفان , 23.7K,0 ,5,,,
397,https://opensooq.com/en/mid/member-143998756558,حسام ., 384.9K,20 ,4.3,,,
398,https://opensooq.com/en/mid/member-100000613863341,O. , 172.3K,242 ,3.4,,,
399,https://opensooq.com/en/shops/شركة-الهمة-العقارية-55227,شركة الهمة العقارية, 1.6M,428 ,3.8,,,
400,https://opensooq.com/en/mid/member-147186689797,zaid , 7.5K,0 ,4,,,
401,https://opensooq.com/en/mid/oday4life,عدي الظاهر, 41.3K,103 ,3.7,,,
402,https://opensooq.com/en/mid/member-107506749838923786679,ابو قصي القضاة , 244.9K,56 ,3.7,,,
403,https://opensooq.com/en/mid/member-148748950794,abd allah , 600,0 ,0,,,
404,https://opensooq.com/en/mid/member-10885605,ahmad , 23.1K,55 ,3.7,,,
405,https://opensooq.com/en/mid/member-16214108297,amman housing , 346.4K,83 ,4,,,
406,https://opensooq.com/en/mid/member-145133562611,خالد , 1.1M,267 ,4.6,,,
407,https://opensooq.com/en/mid/member-167409115244,الدعجه , 7.6K,4 ,0,,,
408,https://opensooq.com/en/mid/member-16547857214,شركة العطار للاسكان ., 83.6K,11 ,4.5,,,
409,https://opensooq.com/en/shops/شركة-اليسر-الماسي-للتطوير-العقاري-18505873,شركة اليسر الماسي للتطوير العقاري, 1M,104 ,3.3,,,
410,https://opensooq.com/en/mid/member-1718376893.4111793,abdallah ismail , 285,0 ,0,,,
411,https://opensooq.com/en/mid/member-144336043933,شركة عقربا للاسكان , 408.1K,53 ,4.8,,,
412,https://opensooq.com/en/mid/member-6429375,Yusuf Fayoumi, 27.5K,110 ,0,,,
413,https://opensooq.com/en/mid/member-150417761967,ahmad , 25.9K,70 ,0,,,
414,https://opensooq.com/en/mid/member-162427654429,AHMAD YOUSEF, 79.1K,6 ,3.3,,,
415,https://opensooq.com/en/mid/member-118252578683131298405,Ahmad Waqqad, 21.6K,4 ,5,,,
416,https://opensooq.com/en/mid/member-161797110372,ابو أبي , 4.7K,0 ,0,,,
417,https://opensooq.com/en/mid/member-10209947502782256,Yuosef Al-deery, 28.6K,341 ,2.3,,,
418,https://opensooq.com/en/mid/member-145674930116,محمود , 71.2K,3 ,2,,,
419,https://opensooq.com/en/mid/اكرم_عبدالرحمن,,,,,,,
420,https://opensooq.com/en/mid/m.abuassal54,ايهاب العنبتاوي, 241.7K,80 ,3.3,,,
421,https://opensooq.com/en/mid/member-147188280522,مستخدم , 2.9K,0 ,0,,,
422,https://opensooq.com/en/mid/member-7554599,ابو صالح , 347.3K,14 ,4,,,
423,https://opensooq.com/en/mid/member-146289433571,يزيد ملحم , 58.3K,136 ,4,,,
424,https://opensooq.com/en/shops/خلف-الخلايلة-للعقارات-2691492,خلف الخلايلة للعقارات , 848.2K,438 ,3.4,,,
425,https://opensooq.com/en/mid/member-161874540036,Yazeed Harasis, 99.6K,4 ,3,,,
426,https://opensooq.com/en/mid/omar.al3bbadi,omar alabbadi, 8.2K,1 ,1,,,
427,https://opensooq.com/en/mid/member-1711398868.7395739,جورج الحداد , 9.8K,0 ,0,,,
428,https://opensooq.com/en/mid/member-1712663834.5821662,abeer mahmoud , 4.5K,0 ,1,,,
429,https://opensooq.com/en/mid/member-145915407631,ashraf , 9.5K,0 ,5,,,
430,https://opensooq.com/en/shops/مكتب-نيفين-العقاري-14229363,مكتب نيفين العقاري, 3M,210 ,3,,,
431,https://opensooq.com/en/mid/member-1587902957931152,Othman Nashashibi, 227K,56 ,3.7,,,
432,https://opensooq.com/en/mid/member-10155647449289526,Walid Haddad, 181.9K,16 ,0,,,
433,https://opensooq.com/en/mid/member-2168647446557684,رأفت النتشة, 71.2K,5 ,1,,,
434,https://opensooq.com/en/mid/member-1704010931.4525414,شركة العامرية العالية للاسكان , 22.3K,0 ,5,,,
435,https://opensooq.com/en/mid/member-7221199,محمد السعدي , 71.5K,3 ,4.3,,,
436,https://opensooq.com/en/mid/member-513555038821115,Mohammad Al Dalahmeh, 8.2K,55 ,5,,,
437,https://opensooq.com/en/shops/شركة-صُبح-للإسكان-294657,شركة صُبح للإسكان, 156.3K,64 ,4.4,,,
438,https://opensooq.com/en/mid/member-144499159778,husamkhaderest , 538.5K,43 ,3.3,,,
439,https://opensooq.com/en/mid/member-149746806360,شركة د.محمود النواصرة للاسكان , 195.3K,35 ,4.4,,,
440,https://opensooq.com/en/mid/member-165579851622,زهدي العودة , 17K,0 ,5,,,
441,https://opensooq.com/en/mid/member-163915078456,ديار الوطن للاسكان Diyar alwatan housing , 97.5K,17 ,4.3,,,
442,https://opensooq.com/en/mid/SandoqaHousing,Moath Sandoqa, 1.6M,250 ,4.1,,,
443,https://opensooq.com/en/mid/member-163205738371,ameer saqer , 8K,2 ,0,,,
444,https://opensooq.com/en/mid/mazina2,مازن الصوص, 12.4K,0 ,0,,,
445,https://opensooq.com/en/mid/member-100502859759375278250,انس آل فهد, 741K,37 ,3.6,,,
446,https://opensooq.com/en/mid/member-163333357373,AdamOsama , 6K,0 ,0,,,
447,https://opensooq.com/en/shops/شركة-الاوائل-للاسكان-والعقارات-4642, شركة الاوائل للاسكان والعقارات, 3.6M,1.5K ,3.3,,,
448,https://opensooq.com/en/shops/مؤسسة-الخير-العقارية-17038153,مؤسسة الخير العقارية, 199.1K,22 ,3.9,,,
449,https://opensooq.com/en/mid/member-148629554840,الجراح , 246.6K,196 ,3.6,,,
450,https://opensooq.com/en/mid/member-161511248964,member161511248964 , 19.2K,0 ,0,,,
451,https://opensooq.com/en/mid/member-168186251390,منذر , 11.5K,3 ,1,,,
452,https://opensooq.com/en/mid/alkood2011,Key Amman , 527.8K,214 ,3.3,,,
453,https://opensooq.com/en/mid/member-153434051687,احمد الحمصي , 798,0 ,0,,,
454,https://opensooq.com/en/mid/member-837137973023410,Sadam Qarute, 175.5K,134 ,2,,,
455,https://opensooq.com/en/mid/foali,شركة قوله للاسكان , 386.3K,72 ,4,,,
456,https://opensooq.com/en/mid/member-1716834773.3962182,ناتاشا عدنان حسن تحبسم , 82,0 ,0,,,
457,https://opensooq.com/en/shops/جيفارا-العقاري-7602697,جيفارا العقاري, 16.6M,1.2K ,3.6,,,
458,https://opensooq.com/en/mid/member-145700906456,ابو الخير, 211.3K,23 ,4.1,,,
459,https://opensooq.com/en/mid/member-3631191,مؤيد الحلبي, 69.4K,0 ,3,,,
